Actual Status,Predicted Status,Approval Probability,Correct
Approved,Approved,0.9983437990361063,True
Approved,Approved,0.9998528210904344,True
Approved,Approved,0.9987120978824466,True
Approved,Rejected,0.2968532856530888,False
Rejected,Rejected,0.012595187490744739,True
Approved,Approved,0.9503412297576542,True
Approved,Approved,0.976170088575865,True
Approved,Approved,0.9986972861033221,True
Approved,Approved,0.999475310035324,True
Rejected,Rejected,0.013975113058276919,True
Rejected,Rejected,0.28258093718636906,True
Rejected,Rejected,0.06938787871398998,True
Rejected,Rejected,0.004797170734591985,True
Approved,Approved,0.9718993032418428,True
Rejected,Rejected,0.015044016339086117,True
Approved,Approved,0.9555351135201643,True
Rejected,Rejected,0.19047387200567592,True
Approved,Approved,0.9998388875131017,True
Approved,Approved,0.9452197904710363,True
Approved,Approved,0.6634020742930652,True
Approved,Approved,0.9997844797919551,True
Rejected,Approved,0.5977030567353798,False
Rejected,Rejected,0.0012565523118316698,True
Approved,Approved,0.9383768883325844,True
Rejected,Rejected,0.2680840929897277,True
Approved,Approved,0.9988645239615982,True
Rejected,Rejected,0.13782081138634947,True
Approved,Approved,0.988067475840562,True
Rejected,Rejected,0.3223961996711606,True
Rejected,Rejected,0.09564113624300127,True
Approved,Approved,0.6584521948965263,True
Approved,Approved,0.6788584238382815,True
Approved,Approved,0.9999185504342244,True
Approved,Approved,0.983239367490609,True
Approved,Approved,0.7555307164197124,True
Approved,Approved,0.9422277982180963,True
Approved,Approved,0.9984326451304011,True
Rejected,Rejected,0.048118355912431854,True
Rejected,Rejected,0.014670300200171398,True
Rejected,Rejected,0.0236165630760573,True
Approved,Approved,0.9021859304735068,True
Approved,Approved,0.5413284697281366,True
Approved,Approved,0.9803096646804687,True
Rejected,Approved,0.5435585050296937,False
Approved,Approved,0.8420598181519807,True
Rejected,Rejected,0.0017601425252401083,True
Approved,Approved,0.9997600305890507,True
Rejected,Rejected,0.17127426997914194,True
Approved,Approved,0.9996332442164009,True
Rejected,Rejected,0.010715213623869497,True
Rejected,Rejected,0.011995964263876759,True
Approved,Approved,0.9765998775353238,True
Rejected,Rejected,0.11033460304227591,True
Approved,Approved,0.9851916632842023,True
Approved,Approved,0.9847240765448668,True
Approved,Approved,0.971192698386128,True
Rejected,Rejected,0.04357851171351621,True
Approved,Approved,0.9980230083042458,True
Approved,Approved,0.9996719935743044,True
Approved,Approved,0.9997978324320357,True
Rejected,Rejected,0.2765495312418441,True
Rejected,Rejected,0.338079286931065,True
Rejected,Rejected,0.004395767263427293,True
Rejected,Rejected,0.11001211836966543,True
Approved,Approved,0.9994079712249181,True
Approved,Approved,0.99989604049747,True
Approved,Approved,0.9997027087802299,True
Approved,Approved,0.9222545073626408,True
Rejected,Rejected,0.05599815801169286,True
Rejected,Rejected,0.3048662803431016,True
Rejected,Rejected,0.42015284286731014,True
Approved,Approved,0.999654197057538,True
Approved,Approved,0.9669366944595789,True
Rejected,Rejected,0.007016673262576444,True
Rejected,Rejected,0.09508404432026009,True
Approved,Approved,0.9990313934201552,True
Approved,Approved,0.9410191555556551,True
Rejected,Approved,0.6993340619002594,False
Rejected,Rejected,0.006350792627610859,True
Rejected,Rejected,0.06797327155592307,True
Approved,Approved,0.9937546253646922,True
Rejected,Rejected,0.04565121199350137,True
Approved,Approved,0.9883335253971206,True
Approved,Approved,0.9983045546204289,True
Approved,Approved,0.9990815660591417,True
Approved,Approved,0.9905857990702283,True
Approved,Approved,0.9815076114214237,True
Approved,Rejected,0.4646277437199708,False
Approved,Approved,0.9601899741713846,True
Approved,Approved,0.9839581118877387,True
Approved,Approved,0.9486704824112165,True
Approved,Approved,0.95555202194811,True
Approved,Rejected,0.02888723109778171,False
Approved,Approved,0.996737372675658,True
Rejected,Rejected,0.012270938138466624,True
Rejected,Rejected,0.04064342447521592,True
Approved,Rejected,0.17045406373395355,False
Approved,Approved,0.9862765306707816,True
Approved,Approved,0.9987895120613522,True
Approved,Approved,0.9987354096196963,True
Approved,Approved,0.8347923616455033,True
Approved,Approved,0.9988935036875256,True
Approved,Approved,0.993687434233694,True
Rejected,Rejected,0.0019726659650492508,True
Approved,Approved,0.9983836597890301,True
Approved,Approved,0.9818425562946212,True
Approved,Approved,0.9995145761312518,True
Rejected,Approved,0.6673184879393923,False
Approved,Approved,0.9966502732324922,True
Approved,Approved,0.9981978693565468,True
Approved,Approved,0.9979753179077573,True
Approved,Approved,0.9717553596398636,True
Approved,Approved,0.9216488229599458,True
Rejected,Approved,0.5108872221037211,False
Rejected,Rejected,0.2335406008101602,True
Approved,Approved,0.9850406133361117,True
Approved,Approved,0.751100169210671,True
Approved,Approved,0.9975870861193433,True
Approved,Approved,0.99172053310582,True
Approved,Approved,0.998905841889502,True
Approved,Approved,0.9938376910556269,True
Approved,Approved,0.9219414893272408,True
Approved,Approved,0.7442266520335423,True
Rejected,Rejected,0.012408298487003236,True
Approved,Approved,0.8804306429069754,True
Approved,Approved,0.9997519506368705,True
Approved,Approved,0.8746934534396184,True
Rejected,Rejected,0.2689943719080048,True
Approved,Approved,0.9837541709333935,True
Approved,Approved,0.930357851111832,True
Approved,Approved,0.9989064168346078,True
Rejected,Rejected,0.39272532506271,True
Rejected,Rejected,0.20181899169734563,True
Approved,Approved,0.8081301359945351,True
Approved,Approved,0.9149288950714668,True
Rejected,Rejected,0.1262890995778526,True
Approved,Approved,0.9814917988950189,True
Approved,Approved,0.9953248903762494,True
Approved,Approved,0.6734231613246545,True
Approved,Approved,0.9596172240805664,True
Approved,Approved,0.8334421740655243,True
Approved,Approved,0.9996526271717444,True
Approved,Approved,0.7647884099922915,True
Approved,Approved,0.9993611547284036,True
Approved,Approved,0.995342658462519,True
Rejected,Rejected,0.005228848923711027,True
Approved,Approved,0.985063485491272,True
Rejected,Rejected,0.024234203163594585,True
Rejected,Rejected,0.12485383494378548,True
Approved,Approved,0.9993291970410457,True
Rejected,Approved,0.6263599644683477,False
Approved,Approved,0.9202187148933721,True
Approved,Approved,0.9459386349528229,True
Rejected,Rejected,0.05523364948288697,True
Approved,Approved,0.9999300550804325,True
Approved,Approved,0.9480464758590191,True
Approved,Approved,0.9958147774184528,True
Approved,Rejected,0.2947489806798953,False
Approved,Approved,0.9831461727613148,True
Approved,Approved,0.9839938464176003,True
Approved,Approved,0.9953054311910434,True
Approved,Approved,0.9970027283168507,True
Rejected,Rejected,0.14580875011041072,True
Approved,Approved,0.9998763940450444,True
Rejected,Rejected,0.1974407441045699,True
Rejected,Rejected,0.007465346254822626,True
Rejected,Rejected,0.010299723316633346,True
Approved,Approved,0.9920693091027861,True
Rejected,Rejected,0.03386222718744836,True
Rejected,Rejected,0.056414661118046286,True
Approved,Approved,0.9970173140006556,True
Approved,Approved,0.7510123744725535,True
Rejected,Rejected,0.09499285784991753,True
Rejected,Rejected,0.13578688114802376,True
Rejected,Rejected,0.058592894464093166,True
Rejected,Rejected,0.02893755268151429,True
Approved,Approved,0.9995230563090393,True
Approved,Approved,0.9988798850030346,True
Rejected,Rejected,0.008052313990534495,True
Rejected,Rejected,0.2150088812818756,True
Approved,Approved,0.9464367774677891,True
Approved,Approved,0.9993117488889273,True
Approved,Approved,0.951726475777005,True
Rejected,Rejected,0.06505256252201862,True
Rejected,Rejected,0.1769750792571802,True
Approved,Approved,0.9567564592147892,True
Approved,Approved,0.9997419637704148,True
Approved,Approved,0.9927095704203747,True
Approved,Approved,0.9906974105637057,True
Approved,Approved,0.9986643020385808,True
Rejected,Rejected,0.17106722415717757,True
Approved,Approved,0.9998003486162361,True
Approved,Approved,0.6995505661816237,True
Rejected,Rejected,0.3630874824974112,True
Rejected,Rejected,0.005824341896195172,True
Approved,Approved,0.9826723597083509,True
Approved,Approved,0.9154936317314206,True
Approved,Approved,0.8956782693029264,True
Approved,Rejected,0.4512617835346601,False
Approved,Approved,0.9950262358079238,True
Approved,Approved,0.539603154160613,True
Rejected,Rejected,0.14662460562984983,True
Approved,Approved,0.9982143281057334,True
Approved,Approved,0.98656467447151,True
Approved,Approved,0.9632973694395079,True
Approved,Approved,0.9970628143225999,True
Rejected,Rejected,0.051594690272142946,True
Approved,Approved,0.9987669550746168,True
Approved,Approved,0.9028438368947106,True
Rejected,Rejected,0.1778373054246915,True
Approved,Approved,0.7931667673507502,True
Rejected,Rejected,0.07803669482392522,True
Approved,Approved,0.9654021449454975,True
Rejected,Rejected,0.010790672350999553,True
Rejected,Rejected,0.15793163444059466,True
Rejected,Rejected,0.3692839220193553,True
Approved,Approved,0.9883731980377602,True
Approved,Approved,0.9282802104610325,True
Rejected,Rejected,0.09403517474982215,True
Approved,Approved,0.9324736133220664,True
Rejected,Rejected,0.030901183413236572,True
Approved,Approved,0.9990358928798156,True
Rejected,Rejected,0.22866691152059387,True
Approved,Approved,0.8570462701389426,True
Approved,Approved,0.8879780135983002,True
Rejected,Rejected,0.026298163658014437,True
Rejected,Rejected,0.13202884152116898,True
Approved,Approved,0.96719320139133,True
Approved,Approved,0.6225283717116542,True
Rejected,Rejected,0.0033464595886369642,True
Approved,Approved,0.9987217689922394,True
Approved,Approved,0.9987334135625703,True
Approved,Approved,0.8106469388026717,True
Approved,Approved,0.8047808877712085,True
Approved,Approved,0.952364391643319,True
Approved,Approved,0.9903573061593915,True
Rejected,Rejected,0.11056903054787612,True
Approved,Rejected,0.14407493711994712,False
Approved,Approved,0.9965877324818574,True
Approved,Approved,0.9595308714208998,True
Approved,Approved,0.6370435842171358,True
Rejected,Rejected,0.10098231539714601,True
Approved,Approved,0.6412354348403222,True
Rejected,Rejected,0.0028746159215098824,True
Rejected,Rejected,0.0418568440420404,True
Approved,Approved,0.9899366563492162,True
Approved,Rejected,0.07093796376111781,False
Approved,Approved,0.9056717625869677,True
Rejected,Rejected,0.23395760422073247,True
Rejected,Rejected,0.02104814639627114,True
Rejected,Approved,0.8350719482503329,False
Rejected,Rejected,0.0446423470089166,True
Approved,Approved,0.9872409357329713,True
Rejected,Rejected,0.1362901970789394,True
Rejected,Rejected,0.33673175658860705,True
Approved,Approved,0.9697914095757363,True
Rejected,Rejected,0.09742659693703855,True
Rejected,Rejected,0.07527700288574136,True
Approved,Approved,0.9026602927892868,True
Approved,Approved,0.9996797536006999,True
Approved,Approved,0.8385418827087336,True
Approved,Approved,0.9689531103926493,True
Rejected,Rejected,0.017966166217388762,True
Approved,Approved,0.9983956952424592,True
Approved,Approved,0.982750496782066,True
Rejected,Rejected,0.06605511804764538,True
Approved,Approved,0.9957879018107455,True
Approved,Approved,0.9988301804039076,True
Approved,Approved,0.9987296293733645,True
Approved,Approved,0.8145709614474327,True
Approved,Approved,0.941083127759102,True
Rejected,Approved,0.5105075322783286,False
Rejected,Rejected,0.02376152255134682,True
Rejected,Rejected,0.017705144598649036,True
Approved,Approved,0.9995869902124802,True
Approved,Approved,0.9995315663433225,True
Approved,Approved,0.9499130654136032,True
Rejected,Rejected,0.00348408514876153,True
Approved,Approved,0.9936816654798123,True
Rejected,Rejected,0.015489084823008667,True
Approved,Approved,0.7468978695614911,True
Approved,Approved,0.8790015215545381,True
Approved,Approved,0.9472693310959073,True
Approved,Approved,0.9825664639823556,True
Approved,Approved,0.5415837175653077,True
Approved,Approved,0.7371575538822714,True
Approved,Approved,0.999733151343613,True
Approved,Approved,0.9995326877068574,True
Rejected,Rejected,0.0031377210558905825,True
Approved,Approved,0.9732398475411106,True
Approved,Approved,0.9717441300917369,True
Approved,Approved,0.999444057997104,True
Rejected,Rejected,0.07289055828914566,True
Approved,Approved,0.6218380591258562,True
Approved,Approved,0.9992815815786745,True
Approved,Approved,0.9999082004745325,True
Approved,Approved,0.9890325176903542,True
Approved,Approved,0.8217548644406935,True
Approved,Approved,0.9988245803466724,True
Rejected,Rejected,0.05699269705302062,True
Rejected,Rejected,0.007085851542621073,True
Rejected,Rejected,0.020254812864703146,True
Approved,Rejected,0.45851235640828886,False
Rejected,Rejected,0.23109352248359433,True
Approved,Approved,0.8391274824852811,True
Approved,Approved,0.808897173359344,True
Approved,Approved,0.9621890755674097,True
Rejected,Rejected,0.0162686840150618,True
Approved,Approved,0.9949909565346254,True
Approved,Approved,0.9982717500842763,True
Approved,Approved,0.9214738117256916,True
Approved,Approved,0.998443909912542,True
Rejected,Rejected,0.17411964478283576,True
Approved,Approved,0.8035552169079513,True
Rejected,Approved,0.6790497700362469,False
Rejected,Rejected,0.36359085855036655,True
Approved,Approved,0.9993855935169532,True
Rejected,Rejected,0.10177716990338859,True
Rejected,Rejected,0.009322766694565028,True
Approved,Approved,0.9961111154151411,True
Approved,Approved,0.9991660101128167,True
Rejected,Rejected,0.0058521886463885914,True
Approved,Approved,0.9992731561560652,True
Approved,Approved,0.9945337973565449,True
Approved,Approved,0.7494290833235271,True
Approved,Approved,0.9279686610878917,True
Approved,Approved,0.981442550786234,True
Approved,Approved,0.9745637926144298,True
Rejected,Rejected,0.02989827801514585,True
Rejected,Rejected,0.019201526522373908,True
Approved,Approved,0.9991177672958191,True
Approved,Approved,0.9993480039383749,True
Approved,Approved,0.542984594301647,True
Approved,Approved,0.958376876214811,True
Approved,Approved,0.9997467171711532,True
Rejected,Rejected,0.19295100306778498,True
Rejected,Rejected,0.3070106741187907,True
Approved,Approved,0.9997986406231114,True
Rejected,Rejected,0.020337420183774154,True
Approved,Approved,0.9738400382010303,True
Approved,Approved,0.7727800289081775,True
Approved,Approved,0.5138838959128571,True
Approved,Approved,0.9808467629629571,True
Rejected,Rejected,0.013521490902379427,True
Rejected,Rejected,0.02036315597031169,True
Approved,Approved,0.994168357511041,True
Rejected,Rejected,0.2512763404324067,True
Approved,Approved,0.9988290789883644,True
Approved,Approved,0.9787543412699937,True
Approved,Approved,0.9571159564013786,True
Rejected,Rejected,0.022430155941199015,True
Approved,Approved,0.680262388991587,True
Approved,Approved,0.8855164810316968,True
Approved,Approved,0.9715251704039378,True
Approved,Approved,0.9991618576899944,True
Approved,Approved,0.9991321700470993,True
Rejected,Rejected,0.010307653950760692,True
Rejected,Rejected,0.010102229962559826,True
Rejected,Rejected,0.2750722613505944,True
Approved,Approved,0.810844010005562,True
Rejected,Rejected,0.16322897999790992,True
Rejected,Rejected,0.03285211918149194,True
Approved,Approved,0.7938917951438831,True
Approved,Approved,0.8530710910734082,True
Rejected,Rejected,0.09478783087284516,True
Approved,Approved,0.8764734231390539,True
Approved,Approved,0.918484548285064,True
Approved,Approved,0.9101308714361819,True
Rejected,Rejected,0.3098253493861851,True
Approved,Approved,0.9681186683246397,True
Rejected,Rejected,0.46003064852444925,True
Approved,Approved,0.9995029636792759,True
Rejected,Rejected,0.3023107084310373,True
Approved,Approved,0.8919907999652512,True
Approved,Approved,0.998453039921005,True
Approved,Approved,0.9988792011596569,True
Approved,Approved,0.9978442964221368,True
Rejected,Rejected,0.29388948344676724,True
Approved,Approved,0.8966739666521997,True
Rejected,Rejected,0.0066179710635941,True
Rejected,Rejected,0.07314525924685829,True
Approved,Approved,0.9771099089941083,True
Approved,Approved,0.9979087749359972,True
Rejected,Rejected,0.1284419124731892,True
Rejected,Rejected,0.07710602632787311,True
Approved,Approved,0.7940505467782831,True
Rejected,Rejected,0.13102222952291653,True
Approved,Approved,0.9809932123113617,True
Approved,Approved,0.9967660054191525,True
Rejected,Rejected,0.02841230862796364,True
Rejected,Approved,0.5248139504263856,False
Rejected,Rejected,0.031775704911325364,True
Rejected,Rejected,0.011053337356554307,True
Rejected,Rejected,0.11180466339590643,True
Approved,Approved,0.9556007451369328,True
Approved,Approved,0.8056436071726522,True
Approved,Approved,0.9886733523933998,True
Approved,Approved,0.9950793137106865,True
Approved,Approved,0.8733895057189722,True
Approved,Approved,0.9944845593402387,True
Rejected,Approved,0.9998635951312344,False
Rejected,Rejected,0.030917991303915725,True
Approved,Approved,0.990588304713455,True
Approved,Approved,0.9980691007082714,True
Approved,Approved,0.9981710118036374,True
Rejected,Rejected,0.07568136001226107,True
Approved,Approved,0.9982501132066481,True
Approved,Approved,0.9976798196855002,True
Rejected,Rejected,0.05489024877200418,True
Rejected,Rejected,0.431868154629362,True
Rejected,Rejected,0.016616014038039705,True
Rejected,Rejected,0.1544404861290674,True
Approved,Approved,0.7095694932587632,True
Approved,Approved,0.9984297136882296,True
Approved,Approved,0.913573167971095,True
Rejected,Rejected,0.103334649927393,True
Rejected,Rejected,0.03120780400471171,True
Rejected,Approved,0.5813385942266823,False
Approved,Approved,0.9988026641804824,True
Approved,Approved,0.9894163415748554,True
Approved,Approved,0.9496890315497801,True
Approved,Approved,0.9935100621782924,True
Approved,Approved,0.9967471143876876,True
Approved,Approved,0.9949291200752158,True
Approved,Approved,0.997373247917735,True
Rejected,Rejected,0.12140075106658789,True
Approved,Approved,0.9997495948422763,True
Rejected,Approved,0.5810912546873359,False
Approved,Approved,0.9710428100097458,True
Approved,Approved,0.9998701723217378,True
Approved,Approved,0.6731331339354519,True
Approved,Approved,0.8625309737529433,True
Approved,Approved,0.9995917554556933,True
Approved,Approved,0.732977271007844,True
Approved,Approved,0.9996384104512972,True
Approved,Approved,0.6893407443145618,True
Approved,Approved,0.9867048400153315,True
Approved,Approved,0.9641557218463442,True
Approved,Approved,0.9228731242000949,True
Approved,Approved,0.9997199191595788,True
Rejected,Rejected,0.003466439448054162,True
Rejected,Rejected,0.18029267242531402,True
Approved,Approved,0.8753723877536209,True
Rejected,Rejected,0.013637270779615912,True
Rejected,Rejected,0.005114218079118893,True
Approved,Approved,0.9615649252842099,True
Approved,Approved,0.7850584630264041,True
Approved,Approved,0.9793086447154815,True
Rejected,Rejected,0.008781765145680446,True
Approved,Approved,0.8168477924003088,True
Rejected,Rejected,0.010900877942456744,True
Approved,Approved,0.9947398923714352,True
Approved,Approved,0.9985227710063127,True
Approved,Approved,0.9107369222421401,True
Rejected,Rejected,0.08688281429205605,True
Approved,Approved,0.9103216995799253,True
Rejected,Rejected,0.023433958420334813,True
Rejected,Approved,0.6540148888324671,False
Approved,Approved,0.7509992547935214,True
Approved,Approved,0.9900120626820336,True
Approved,Approved,0.9990434133491158,True
Rejected,Rejected,0.003200694967149088,True
Rejected,Rejected,0.26892202591777503,True
Rejected,Rejected,0.00846805716452263,True
Approved,Approved,0.9946037846187957,True
Approved,Approved,0.910864305936456,True
Rejected,Rejected,0.01386414186238285,True
Approved,Rejected,0.41075950088914803,False
Approved,Approved,0.998843821769763,True
Rejected,Rejected,0.28990312000933743,True
Rejected,Rejected,0.38468251359943945,True
Rejected,Rejected,0.14838257001296287,True
Approved,Approved,0.9501706446442031,True
Rejected,Rejected,0.4125567505855199,True
Approved,Approved,0.9786530131101102,True
Rejected,Rejected,0.39173162377408594,True
Approved,Approved,0.619723332329069,True
Rejected,Rejected,0.12100273327182869,True
Rejected,Rejected,0.1129289132574352,True
Approved,Approved,0.9789029709039764,True
Approved,Approved,0.5047320978530259,True
Approved,Approved,0.9956098041012613,True
Approved,Approved,0.7742083030702555,True
Approved,Approved,0.9991594370996467,True
Approved,Approved,0.9985153217269054,True
Approved,Approved,0.9963573314957789,True
Approved,Approved,0.8987829480536034,True
Approved,Approved,0.7425920277016668,True
Approved,Approved,0.9832647184674976,True
Approved,Approved,0.9972109258766118,True
Rejected,Rejected,0.005490365282661174,True
Approved,Approved,0.9961908632909785,True
Approved,Approved,0.6437496057815246,True
Approved,Approved,0.9852921848583823,True
Rejected,Rejected,0.31803145467047544,True
Approved,Approved,0.976775044956291,True
Rejected,Rejected,0.20585831529734602,True
Rejected,Approved,0.7111753533330045,False
Rejected,Approved,0.8093717893896442,False
Rejected,Rejected,0.027109131315276123,True
Rejected,Rejected,0.041723712926590564,True
Approved,Approved,0.995453980933087,True
Rejected,Rejected,0.05380743837927153,True
Approved,Approved,0.9991591239332528,True
Approved,Approved,0.9810162628440223,True
Approved,Approved,0.9915350473368604,True
Approved,Approved,0.964977977133319,True
Approved,Approved,0.9824442918662889,True
Approved,Approved,0.9986893468010103,True
Rejected,Rejected,0.11818114539168256,True
Approved,Approved,0.9538721823932419,True
Rejected,Approved,0.5253460070537234,False
Rejected,Rejected,0.007970675190325006,True
Rejected,Rejected,0.025912798222970268,True
Approved,Rejected,0.47090534578157,False
Approved,Approved,0.9993323693724171,True
Approved,Approved,0.9745560952193405,True
Approved,Approved,0.9970955520086116,True
Rejected,Approved,0.5495484040256139,False
Approved,Approved,0.9990143865528486,True
Approved,Approved,0.9990037243839093,True
Approved,Approved,0.9922610321015007,True
Approved,Approved,0.9994786208632966,True
Approved,Approved,0.9953992912839168,True
Approved,Approved,0.9439398497523053,True
Approved,Approved,0.9868403941575796,True
Rejected,Approved,0.7924031662902129,False
Rejected,Rejected,0.06666916802732151,True
Rejected,Rejected,0.2829067897168522,True
Rejected,Rejected,0.08542834579889083,True
Rejected,Rejected,0.03702001396845114,True
Rejected,Rejected,0.01868807953130303,True
Rejected,Rejected,0.15062834382538057,True
Approved,Approved,0.9627664249535491,True
Approved,Approved,0.9931029735631719,True
Rejected,Rejected,0.005505310257911922,True
Approved,Approved,0.9996770940516518,True
Approved,Approved,0.998737374702992,True
Approved,Approved,0.9984867311010558,True
Rejected,Rejected,0.13004791505038224,True
Approved,Approved,0.9441538102691934,True
Approved,Approved,0.9989730994589684,True
Rejected,Rejected,0.014777498640574175,True
Approved,Approved,0.9976587252046096,True
Approved,Approved,0.9995474722318549,True
Approved,Approved,0.9072815826665823,True
Approved,Approved,0.9999050360478652,True
Approved,Approved,0.988777663027276,True
Approved,Approved,0.9590251735257692,True
Rejected,Rejected,0.437299693918808,True
Rejected,Rejected,0.007201421217328434,True
Approved,Approved,0.9958381900489248,True
Rejected,Rejected,0.2599337904645833,True
Approved,Rejected,0.3785619731277965,False
Rejected,Rejected,0.001956959640664778,True
Approved,Approved,0.9995382115926105,True
Approved,Approved,0.984810053036386,True
Rejected,Rejected,0.014864845167759187,True
Rejected,Rejected,0.28337072160940896,True
Rejected,Rejected,0.06160913377874139,True
Approved,Approved,0.9998607338972133,True
Approved,Approved,0.9986004936785695,True
Rejected,Rejected,0.08846855602361818,True
Approved,Approved,0.9544619018690863,True
Rejected,Rejected,0.1785394802751925,True
Approved,Approved,0.9979395929053655,True
Approved,Approved,0.994636983030348,True
Rejected,Rejected,0.007336524622247537,True
Approved,Approved,0.9996172021485176,True
Rejected,Rejected,0.06927616915538426,True
Approved,Approved,0.9391042374683206,True
Approved,Approved,0.9993398066113328,True
Rejected,Rejected,0.09638271326677314,True
Approved,Approved,0.9464124593543715,True
Rejected,Rejected,0.03158417952553661,True
Approved,Approved,0.9994684235509815,True
Approved,Rejected,0.2843148309139823,False
Rejected,Approved,0.6471725832645219,False
Approved,Approved,0.975285381194001,True
Rejected,Rejected,0.03689511968086165,True
Approved,Approved,0.9621888436251284,True
Approved,Approved,0.9738206853358573,True
Approved,Approved,0.9973189037513017,True
Approved,Approved,0.9453071132049818,True
Approved,Approved,0.9958902961456539,True
Approved,Approved,0.9475276692193756,True
Approved,Approved,0.942811868688075,True
Rejected,Rejected,0.03386288364332441,True
Approved,Approved,0.95017915122309,True
Approved,Approved,0.8729124664094872,True
Rejected,Rejected,0.25103019620910516,True
Approved,Approved,0.9995719617117761,True
Approved,Approved,0.980124939443095,True
Approved,Approved,0.9968290426826817,True
Rejected,Rejected,0.06114088099372711,True
Approved,Approved,0.9085294893387997,True
Approved,Approved,0.9811778207072215,True
Approved,Approved,0.9850428134717479,True
Rejected,Rejected,0.4396787391556385,True
Rejected,Rejected,0.13272639277290882,True
Rejected,Rejected,0.005790224980508559,True
Rejected,Rejected,0.03662866504227073,True
Rejected,Rejected,0.25101124452059936,True
Approved,Approved,0.6698921820732343,True
Approved,Approved,0.9976606897369161,True
Approved,Approved,0.971984179520922,True
Approved,Approved,0.9982807251513581,True
Rejected,Rejected,0.06290682278318276,True
Rejected,Rejected,0.021032393512692454,True
Approved,Approved,0.6871973895207898,True
Approved,Approved,0.889550916986057,True
Rejected,Rejected,0.4530518047327356,True
Approved,Approved,0.9575209534747214,True
Rejected,Rejected,0.2601855531544371,True
Approved,Approved,0.984813491622302,True
Rejected,Approved,0.5208910619698837,False
Approved,Rejected,0.49105756342225054,False
Approved,Approved,0.7951533316007984,True
Approved,Approved,0.9159019764866445,True
Approved,Approved,0.6745912012037463,True
Rejected,Rejected,0.15917890022259976,True
Approved,Rejected,0.02136398958711019,False
Approved,Approved,0.9780090366628774,True
Rejected,Rejected,0.006708441824085365,True
Approved,Approved,0.9929372932617152,True
Approved,Approved,0.704752590888566,True
Approved,Approved,0.9052958425476834,True
Approved,Approved,0.9843234853277756,True
Approved,Approved,0.70520073671502,True
Rejected,Rejected,0.050899936225456466,True
Approved,Approved,0.9478921592014975,True
Approved,Approved,0.9966881546565955,True
Approved,Rejected,0.3254809109500298,False
Rejected,Rejected,0.01474492033939513,True
Approved,Approved,0.9982294756882685,True
Approved,Approved,0.9652422534096353,True
Rejected,Rejected,0.06922109115782583,True
Rejected,Approved,0.6464045463620532,False
Approved,Approved,0.965271422206361,True
Approved,Approved,0.9445014675480577,True
Rejected,Rejected,0.045259334845402045,True
Approved,Approved,0.9311438764468841,True
Rejected,Rejected,0.44163583978784976,True
Rejected,Rejected,0.009890474648868419,True
Approved,Approved,0.997820579317235,True
Approved,Approved,0.6614313543829633,True
Approved,Approved,0.9967020650586176,True
Rejected,Rejected,0.254465379826251,True
Approved,Approved,0.883656543265338,True
Rejected,Approved,0.5803771806440047,False
Approved,Rejected,0.05146543124082654,False
Approved,Approved,0.9981932663429113,True
Approved,Approved,0.7787472999104249,True
Approved,Approved,0.8475598141898388,True
Approved,Approved,0.9989178427311477,True
Rejected,Rejected,0.3183668141672115,True
Approved,Approved,0.6287785787155811,True
Approved,Approved,0.679776767635689,True
Approved,Rejected,0.35415765190859777,False
Rejected,Rejected,0.13647463087877332,True
Approved,Approved,0.9100994779061256,True
Rejected,Rejected,0.10719506726538719,True
Rejected,Rejected,0.3805617835271284,True
Approved,Approved,0.984305193768905,True
Approved,Rejected,0.1758256647898458,False
Rejected,Rejected,0.21200204054936175,True
Approved,Approved,0.9857409902602543,True
Rejected,Rejected,0.011895788151724925,True
Rejected,Rejected,0.00977068244763352,True
Approved,Approved,0.9974893706940631,True
Rejected,Rejected,0.026229581138038877,True
Approved,Approved,0.9680675367604524,True
Approved,Approved,0.8500385169042083,True
Approved,Approved,0.9686677873346813,True
Rejected,Rejected,0.26538902518980034,True
Approved,Approved,0.9505996707908121,True
Approved,Approved,0.9860020281591744,True
Approved,Approved,0.6924676758192536,True
Approved,Approved,0.9711325026760235,True
Approved,Approved,0.998961321333095,True
Rejected,Approved,0.569643720849067,False
Rejected,Rejected,0.42916071671852196,True
Rejected,Rejected,0.05752538815006792,True
Rejected,Rejected,0.1378631019599554,True
Rejected,Rejected,0.030775156492323073,True
Approved,Approved,0.9864825527863234,True
Approved,Approved,0.9997885212937462,True
Rejected,Approved,0.6593987747806415,False
Rejected,Rejected,0.0022541603667754675,True
Approved,Approved,0.9789701806937919,True
Approved,Approved,0.999780867256278,True
Rejected,Rejected,0.03938643759215946,True
Approved,Approved,0.999904996893986,True
Rejected,Rejected,0.11235734012631124,True
Rejected,Approved,0.5186641373149133,False
Approved,Approved,0.9234713732333402,True
Approved,Approved,0.8103115682387887,True
Approved,Approved,0.9620134178187625,True
Approved,Approved,0.9947857950509429,True
Approved,Approved,0.9924517262150483,True
Approved,Approved,0.9998060433974706,True
Approved,Approved,0.978785460175502,True
Approved,Approved,0.9984584345447282,True
Approved,Approved,0.9999229602790957,True
Rejected,Rejected,0.012860286083884847,True
Approved,Approved,0.9993727238705132,True
Approved,Approved,0.9984381920389829,True
Rejected,Rejected,0.22229006772063986,True
Approved,Rejected,0.4619793300768892,False
Rejected,Rejected,0.4327332832785424,True
Approved,Approved,0.9970374994483702,True
Approved,Approved,0.9930282743338629,True
Rejected,Rejected,0.038750937031744974,True
Approved,Approved,0.9993965477866482,True
Approved,Approved,0.7470189841978394,True
Approved,Approved,0.9965574679778954,True
Approved,Approved,0.9948256073824274,True
Approved,Approved,0.9992289590722839,True
Rejected,Rejected,0.009780782867428487,True
Rejected,Rejected,0.013793170753412274,True
Approved,Approved,0.9860547053862508,True
Rejected,Rejected,0.2855316744773337,True
Rejected,Rejected,0.05446465686129738,True
Rejected,Rejected,0.12446594634067357,True
Approved,Approved,0.911278271770003,True
Approved,Approved,0.9989272488040339,True
Rejected,Rejected,0.3727518673764388,True
Rejected,Rejected,0.09724794047759452,True
Rejected,Rejected,0.007238033774117468,True
Approved,Approved,0.9639230615462667,True
Approved,Approved,0.9766498162452528,True
Approved,Approved,0.8199734497789283,True
Approved,Approved,0.9995435663064672,True
Approved,Approved,0.9905053619919382,True
Approved,Approved,0.9990142931559287,True
Approved,Approved,0.8264121490838042,True
Approved,Approved,0.983606058263605,True
Approved,Rejected,0.4565532481652606,False
Approved,Approved,0.7940796816956319,True
Rejected,Rejected,0.00321840906352343,True
Approved,Approved,0.9998843220314904,True
Approved,Approved,0.7749883374258846,True
Rejected,Rejected,0.0043222254784071445,True
Approved,Approved,0.9996592109678071,True
Approved,Approved,0.686820766425497,True
Rejected,Rejected,0.14704501331576317,True
Rejected,Rejected,0.08602290205798001,True
Approved,Approved,0.9722171453066417,True
Rejected,Rejected,0.0063351358864065675,True
Rejected,Rejected,0.01612446698256152,True
Rejected,Rejected,0.15357220487411577,True
Rejected,Rejected,0.02664899979656523,True
Approved,Approved,0.854290405157608,True
Approved,Approved,0.8513545036244534,True
Approved,Approved,0.825989813423196,True
Rejected,Rejected,0.013994136831909997,True
Approved,Approved,0.999314281466342,True
Rejected,Rejected,0.004112667290995898,True
Approved,Approved,0.9898834831559441,True
Approved,Rejected,0.07128458612004311,False
Approved,Approved,0.8223513816103184,True
Rejected,Rejected,0.1925799149608546,True
Rejected,Rejected,0.0027531085774409117,True
Rejected,Rejected,0.01729269261876924,True
Approved,Approved,0.9988646211760184,True
Approved,Approved,0.5991269491684184,True
Approved,Approved,0.9075022073004022,True
Approved,Approved,0.9938864461344465,True
Rejected,Rejected,0.02928091173346293,True
Rejected,Rejected,0.00906075571477178,True
Rejected,Rejected,0.11770405359473572,True
Rejected,Rejected,0.0024482025643340847,True
Rejected,Rejected,0.3416523219458231,True
Rejected,Rejected,0.004792302989416651,True
Rejected,Rejected,0.16924108452878928,True
Approved,Approved,0.999193147813736,True
Rejected,Approved,0.5204299587742491,False
Approved,Approved,0.9945832009869144,True
Rejected,Rejected,0.012125782642021434,True
Approved,Rejected,0.446721651350385,False
Approved,Approved,0.9931378422525569,True
Rejected,Approved,0.5950534031233585,False
Rejected,Approved,0.6209202882910517,False
Approved,Approved,0.9998720895093858,True
Approved,Approved,0.7867643310813096,True
Approved,Approved,0.733393650840366,True
Approved,Approved,0.7724229073822574,True
Rejected,Rejected,0.002866024261818786,True
Rejected,Rejected,0.07822906159552491,True
Approved,Approved,0.9919134908261024,True
Approved,Approved,0.9995008234733906,True
Rejected,Rejected,0.006560945858104863,True
Approved,Approved,0.9988190984022149,True
Approved,Approved,0.9922796770198817,True
Rejected,Rejected,0.246997613018191,True
Approved,Approved,0.9879079471757864,True
Approved,Approved,0.9316752975517929,True
Approved,Rejected,0.47329014844546846,False
Rejected,Rejected,0.14129284017800134,True
Approved,Approved,0.9930038452024113,True
Rejected,Rejected,0.041501428445191994,True
Rejected,Approved,0.6498524278471635,False
Approved,Approved,0.992797344669466,True
Rejected,Rejected,0.392677288381801,True
Rejected,Rejected,0.002965989586286216,True
Approved,Approved,0.9736684740379112,True
Approved,Approved,0.8850279296986068,True
Approved,Approved,0.9039863665472349,True
Approved,Approved,0.5310742369600333,True
Rejected,Approved,0.5097376354395324,False
Approved,Approved,0.8872906343921646,True
Approved,Approved,0.9939722262801824,True
Approved,Approved,0.9907779513118452,True
Approved,Approved,0.9995558832892905,True
Approved,Approved,0.8161322887408672,True
Rejected,Rejected,0.03868600448892898,True
Approved,Approved,0.9998671565153294,True
Approved,Approved,0.9554682602059342,True
Rejected,Rejected,0.11857618994139127,True
Rejected,Rejected,0.16761075355016525,True
Rejected,Rejected,0.005269447833563101,True
Approved,Approved,0.9815957488407058,True
Approved,Approved,0.9995070662565666,True
Approved,Approved,0.8712023901536333,True
Approved,Approved,0.9910928554333776,True
Approved,Approved,0.9984879704594347,True
Approved,Approved,0.9831160471583328,True
Approved,Approved,0.9820549791679342,True
Approved,Approved,0.9806544519734262,True
Approved,Approved,0.9990742388944522,True
Rejected,Rejected,0.049380840619825575,True
Approved,Approved,0.9998836745023916,True
Rejected,Rejected,0.009184937128430984,True
Approved,Approved,0.970310236103088,True
Rejected,Approved,0.662701453580186,False
Approved,Approved,0.9856727242502051,True
Approved,Approved,0.9814383305670948,True
Approved,Approved,0.9622706838625817,True
Approved,Approved,0.998006523109695,True
Rejected,Rejected,0.36542288240900683,True
Approved,Approved,0.984647378203262,True
Approved,Approved,0.7764105101074208,True
Rejected,Rejected,0.23676376499115653,True
Rejected,Rejected,0.1439090525736309,True
Approved,Rejected,0.038361701902567644,False
Approved,Approved,0.955621111646471,True
Approved,Rejected,0.4373617350848273,False
Approved,Approved,0.9918164213511863,True
Approved,Approved,0.9104518591108757,True
Rejected,Rejected,0.4051253901516791,True
Rejected,Rejected,0.024207141836671414,True
Rejected,Rejected,0.0423030761543474,True
Rejected,Approved,0.5368883733468692,False
Approved,Approved,0.9994369087688397,True
